date,Convertible Arbitrage,CTA Global,Distressed Securities,Emerging Markets,Equity Market Neutral,Event Driven,Fixed Income Arbitrage,Global Macro,Long/Short Equity,Merger Arbitrage,Relative Value,Short Selling,Funds Of Funds
Jan-97,1.19,3.93,1.78,7.91,1.89,2.13,1.91,5.73,2.81,1.5,1.8,-1.66,3.17
Feb-97,1.23,2.98,1.22,5.25,1.01,0.84,1.22,1.75,-0.06,0.34,1.18,4.26,1.06
Mar-97,0.78,-0.21,-0.12,-1.2,0.16,-0.23,1.09,-1.19,-0.84,0.6,0.1,7.78,-0.77
Apr-97,0.86,-1.7,0.3,1.19,1.19,-0.05,1.3,1.72,0.84,-0.01,1.22,-1.29,0.09
May-97,1.56,-0.15,2.33,3.15,1.89,3.46,1.18,1.08,3.94,1.97,1.73,-7.37,2.75
Jun-97,2.12,0.85,2.17,5.81,1.65,2.58,1.08,2.18,2.23,2.31,1.98,-0.65,2.25
Jul-97,1.93,5.91,2.34,5.6,2.47,3.07,0.95,7.38,4.54,2,1.81,-4.29,4.35
Aug-97,1.34,-4.73,1.47,-0.66,0.17,0.71,0.87,-1.8,1.07,0.79,1.03,-0.72,0.51
Sep-97,1.22,1.98,3.5,2.29,2.02,3.29,1.19,2.9,4.29,1.97,1.83,-1.55,3.34
Oct-97,1,-0.98,-0.64,-5.72,0.95,0.61,-0.32,-1.42,0.1,0.94,0.79,5.72,-0.99
Nov-97,0,1.33,0.54,-3.78,0.41,1.34,0.53,1.06,-0.26,2.23,1.11,2.17,-0.34
Dec-97,0.68,2.86,0.73,1.6,0.66,1.54,0.79,2.64,1.04,1.58,0.82,1.61,0.89
Jan-98,1.45,1.04,0.95,-4.29,0.6,0.55,-0.26,-0.5,0.13,0.55,1.32,0.14,-0.36
Feb-98,1.46,-0.65,2.27,3.39,1.35,2.94,0.98,1.28,3.42,2.12,1.3,1.55,2.56
Mar-98,1.44,1.22,2.52,3.18,1.79,2.63,1.28,5.7,3.36,1.64,1.45,6.37,3.73
Apr-98,1.26,-2.96,1.65,0.41,0.67,1.04,0.75,0.34,1.2,1.39,1.45,6.57,1.25
May-98,0.56,1.93,0.06,-8.25,0.8,-0.83,0.4,0.95,-0.87,-0.09,0.53,14.37,-0.72
Jun-98,-0.06,0.51,-0.47,-4.22,1.08,0.02,-0.8,1.2,1.67,0.72,0.26,-0.53,0.21
Jul-98,0.6,-0.1,-0.69,0.19,0.12,-0.37,1.06,0.58,-0.06,0.07,0.11,3.43,-0.07
Aug-98,-3.19,6.91,-8.36,-19.22,-1.07,-8.86,-1.43,-2.63,-5.52,-5.44,-3.41,24.63,-6.16
Sep-98,-1.96,4.54,-2.15,-3.95,0.61,-1.1,-3.62,-0.59,2.06,0.76,0.05,-3.76,-0.37
Oct-98,-2.14,0.04,-0.29,1.4,0.52,0.91,-8.01,-2.23,1.69,1.59,-1.4,-10.77,-0.02
Nov-98,2.69,-0.89,1.64,4.3,1.58,2.44,0.52,1.94,2.91,2.2,1.98,-7.56,2.2
Dec-98,1.13,2.21,1.08,-0.98,2.09,2.19,1.2,2.33,4.08,2.24,1.64,-5.31,2.22
Jan-99,2.19,-1.67,1.81,-1.2,1.01,2.01,1.58,0.86,2.58,1.12,1.95,-6.65,2.02
Feb-99,0.82,1.97,-0.21,1.02,0.23,-0.42,2.08,-1.11,-1.69,0.36,0.85,8.33,-0.63
Mar-99,1.36,-0.65,1.59,5.85,0.33,1.93,1.6,0.24,2.29,1.33,1.16,-1.54,2.13
Apr-99,2.43,2.1,4.18,6.3,1.07,4.29,1.06,3.29,3.12,2.18,2.38,-3.75,4
May-99,1.66,-1.5,2.07,0.61,0.89,2.15,0.72,-0.55,0.95,2.1,1.46,0.09,1.19
Jun-99,1.02,2.34,2.73,6.54,1.68,2.97,0.88,2.14,3.15,2.22,1.48,-4.12,2.82
Jul-99,1.01,-0.51,0.84,-0.61,1.35,0.96,0.51,-0.18,1.77,1.47,1.1,0.92,0.88
Aug-99,0.48,-0.27,0.2,-1.47,0.95,-0.27,-0.28,-0.61,0.22,0.5,0.62,4.68,0.28
Sep-99,0.96,0.64,-0.41,-0.69,0.95,0.9,0.92,-0.02,1.13,1.16,1.05,4.01,0.52
Oct-99,0.45,-3.54,0.27,2.88,0.66,0.54,0.87,0.73,2.12,0.96,0.7,-1.3,1.3
Nov-99,1.24,1.66,2.2,6.92,1.33,2.84,1.06,4.05,4.81,2.37,1.37,-12.39,4.83
Dec-99,1.4,1.42,3,12.3,1.98,2.86,0.97,6.12,7.45,0.9,1.83,-11.37,6.22
Jan-00,2.27,1.28,0.88,0.77,0.75,0.88,0.41,0.21,0.75,1.43,1.73,4.27,1.69
Feb-00,2.67,-0.22,4.21,5.28,2.53,3.46,0.97,4.08,6.99,2.39,1.85,-13.4,6.66
Mar-00,2.43,-1.38,1.03,3.18,1.34,0.69,-0.61,-1.04,0.06,1.31,1.63,-2.3,0.39
Apr-00,2.23,-2.41,-1.01,-5.41,1.68,-0.59,-0.06,-3.04,-2.01,1.88,0.92,10.28,-2.69
May-00,1.49,1.14,-1.32,-4.33,0.62,-0.34,1.07,-0.7,-0.97,1.46,0.8,7.04,-1.22
Jun-00,1.79,-1.24,2.03,3.34,1.71,2.68,0.58,1.54,3.49,1.67,1.76,-11.07,3.11
Jul-00,0.93,-1.31,0.64,0.25,0.63,0.57,0.18,0.37,0.06,1.16,0.84,5.53,-0.22
Aug-00,1.62,1.89,1.4,3.68,2.1,1.73,1.07,2.48,3.45,1.57,1.57,-11.35,2.67
Sep-00,1.41,-2.08,-0.19,-4.62,0.58,0.48,0.76,-1.49,-0.16,1.37,0.75,12.04,-0.69
Oct-00,0.52,0.75,-0.73,-2.56,0.4,-0.68,0.06,-0.24,-0.84,0.26,-0.04,7.84,-1.04
Nov-00,-0.81,4.25,-2.09,-3.85,0.45,-1.36,0.66,1.25,-1.53,1.02,0.06,16.57,-2.05
Dec-00,-0.02,6.82,0.01,1.16,1.6,1.27,0.48,4.72,2.48,1.25,0.75,0.63,1.33
Jan-01,3.44,0.25,3.08,5.86,0.75,2.98,1.63,2.14,1.65,1.11,3.33,-2.71,2.23
Feb-01,1.82,-0.16,1,-2.21,1.2,0.45,0.54,-0.72,-2.64,0.54,0.3,10.21,-0.89
Mar-01,1.62,4.38,-0.37,-1.75,1.08,-0.42,0.51,0.38,-1.99,-0.61,-0.11,6.2,-0.68
Apr-01,1.57,-3.62,0.48,1.14,0.75,1.1,0.94,0.49,2.46,0.58,1.74,-9.91,1.04
May-01,0.33,0.81,2.35,2.78,0.77,1.85,0.68,0.32,0.43,1.61,1.41,-1.3,0.8
Jun-01,0.12,-0.77,3.6,1.6,0.17,0.63,0.17,0.17,0.19,-0.87,0.19,1.1,0.13
Jul-01,0.91,-0.4,0.73,-2.86,0.31,0.49,0.54,-0.4,-1.44,0.79,0.1,3.53,-0.4
Aug-01,1.42,1.53,1.06,0.3,0.94,0.9,1.05,0.06,-0.96,0.99,-0.31,7.52,0.19
Sep-01,0.78,2.46,-0.14,-4.25,0.23,-2.54,-0.13,-0.7,-3.48,-2.67,-2.21,9.41,-1.42
Oct-01,1.17,3.36,1.03,2.78,0.58,1.48,1.34,2.08,0.99,0.85,1.64,-2.98,0.95
Nov-01,0.8,-5.43,0.86,4.83,0.55,1.05,-0.24,0.21,2,0.14,1.36,-6.55,0.58
Dec-01,-0.94,1.48,0.15,4.21,0.56,1.07,0.53,1.38,1.8,0.45,0.97,-2.51,0.99
Jan-02,1.48,-0.72,1.86,2.73,0.65,0.78,0.86,0.69,-0.37,0.77,0.97,3.43,0.3
Feb-02,-0.49,-2.02,-0.33,1.81,-0.07,-0.71,0.56,-0.35,-1.23,-0.44,-0.11,3.9,-0.15
Mar-02,0.53,0.09,0.52,3.31,0.47,1.53,0.45,0.64,1.55,0.73,1.45,-4.46,0.9
Apr-02,0.96,-1.04,1.39,1.44,0.76,0.46,1.13,0.98,-0.42,-0.13,0.7,4.83,0.52
May-02,0.33,2.7,0.91,0.01,0.53,0.01,0.99,1.23,-0.34,0,0.31,3.46,0.5
Jun-02,0.04,6.55,-1.17,-2.92,0.22,-2.83,0.69,-0.22,-2.49,-1.7,-1.07,5.48,-0.95
Jul-02,-1.59,4.13,-1.33,-3.09,-0.13,-3,0.57,-0.78,-3.89,-1.74,-1.85,6.44,-1.4
Aug-02,0.5,2.2,0.09,1.19,0.69,0.6,0.97,0.63,0.41,0.61,0.58,0.15,0.37
Sep-02,1.46,2.84,-0.44,-2.52,0.15,-0.7,-0.33,0.54,-1.6,-0.28,-1.1,7.31,-0.33
Oct-02,1.04,-3.76,-0.31,1.54,0.16,0.31,-0.63,-0.86,1.23,0.32,0.84,-4.05,-0.31
Nov-02,2.51,-1.64,2.39,1.9,0.25,2.16,0.54,0.47,2.24,0.54,1.85,-5.47,1.06
Dec-02,1.57,4.89,2.22,0.48,0.94,0.44,1.53,1.92,-1.49,0.46,0.23,4.43,0.77
Jan-03,2.83,4.41,2.43,0.12,0.83,1.54,1.06,1.82,0.05,0.4,0.67,1.62,0.72
Feb-03,1.33,4.02,0.92,0.84,0.24,0.26,0.79,1.66,-0.37,0.18,-0.04,1.3,0.31
Mar-03,0.89,-4.45,1.13,0.19,0.15,0.83,0.19,-1.22,0.2,-0.07,0.49,-0.75,-0.04
Apr-03,1.5,0.65,3.45,4.5,0.31,2.72,0.91,1.17,2.98,0.99,1.86,-6.56,1.34
May-03,1.36,4.9,2.7,4.33,1.07,3.01,2.07,3.97,3.62,1.54,2.12,-4.99,2.05
Jun-03,-0.58,-1.92,2.67,2.68,0.34,1.81,0.44,0.56,1.28,0.48,0.71,-1.62,0.68
Jul-03,-0.72,-1.71,1.17,1.04,-0.06,1.19,-0.92,-0.35,1.18,0.53,0.41,-3.61,0.25
Aug-03,-0.87,0.78,1.37,3.74,0.31,1.33,0.43,2.02,1.79,0.7,0.58,-3.54,0.78
Sep-03,1.71,-0.19,2.42,2.64,0.78,1.33,1.05,2.15,0.94,0.77,0.86,1.36,1.21
Oct-03,1.46,1.04,2.67,2.59,1.15,1.91,0.35,1.11,2.99,1.11,1.59,-6.56,1.52
Nov-03,0.92,0.18,1.54,0.96,0.46,1.16,0.69,0.31,1.3,0.44,1.02,-1.36,0.7
Dec-03,0.54,3.81,1.98,4.03,0.54,1.72,1.01,2.93,1.91,0.98,1.27,-1.78,1.39
Jan-04,1.19,1.99,3.01,2.51,1.09,2.34,0.92,1.17,1.92,0.97,1.46,-0.9,1.56
Feb-04,0.17,5.29,0.75,2.53,0.63,1.13,0.84,1.5,1.23,0.51,0.57,0.18,1.11
Mar-04,0.61,-0.51,0.46,1.72,0.32,0.16,0.03,0.64,0.41,0.17,0.38,-1.48,0.43
Apr-04,0.2,-5.32,0.93,-2.52,-0.82,0.02,0.62,-1.78,-1.65,-0.39,-0.45,3.84,-0.68
May-04,-1.28,-1.18,-0.1,-1.81,0.24,-0.23,0.4,-0.81,-0.35,0,-0.37,-0.24,-0.82
Jun-04,-1.06,-3.16,2.02,0.2,0.42,1.13,0.55,-0.19,0.91,0.17,0.22,-0.51,0.34
Jul-04,0.13,-1.19,0.19,-0.27,0.06,-0.82,0.62,-0.14,-1.54,-0.92,0.07,6.38,-0.49
Aug-04,0.4,-0.84,0.88,1.33,-0.09,0.35,0.36,-0.39,-0.22,0.11,0.31,1.26,-0.1
Sep-04,-0.17,2.2,1.04,2.8,0.85,1.03,0.12,0.08,2.1,0.42,0.52,-2.16,0.99
Oct-04,-0.44,3.58,1.43,1.85,-0.05,1.24,0.28,1.38,0.74,0.74,0.4,-0.92,0.68
Nov-04,0.81,4.75,3.37,3.28,1.4,3.06,0.75,2.8,3.08,1.64,1.49,-5.74,2.44
Dec-04,0.56,0,2.66,2.01,0.58,2.44,0.6,0.33,1.78,1.33,0.99,-3.91,1.45
Jan-05,-0.96,-4.38,0.37,1.43,0.81,0.04,0.44,-0.47,-0.17,0,0.12,3.87,0.06
Feb-05,-0.58,0.05,1.34,3.46,0.8,1.44,0.85,1.71,2.1,0.65,0.81,1.18,1.36
Mar-05,-1.4,-0.06,0.32,-1.97,0.19,-0.04,0.24,-0.27,-0.96,0.32,-0.42,2.44,-0.44
Apr-05,-3.16,-3.54,-0.52,-0.49,-0.3,-1.28,-0.03,-0.8,-1.84,-1.05,-1.08,3.93,-1.41
May-05,-1.33,2.32,0.06,0.72,0.47,0.65,-0.1,0.88,1.15,0.95,-0.02,-4.75,0.18
Jun-05,1.07,2.6,1.33,1.6,0.81,1.33,0.1,1.16,1.95,0.85,0.95,-0.32,1.31
Jul-05,1.64,-0.13,1.73,2.57,0.78,2.15,0.81,1.19,2.65,1.15,1.49,-2.42,1.34
Aug-05,0.66,1,1.24,1.52,0.62,0.92,0.36,0.83,0.97,0.61,0.53,2.59,0.79
Sep-05,1.42,0.79,1.12,4.02,0.87,1,0.62,2.69,2.22,0.35,1.22,1.98,1.47
Oct-05,-0.15,-0.92,-0.32,-2.3,0.01,-1.73,0.57,-0.74,-1.74,-1.45,-0.38,2.33,-1.49
Nov-05,0.04,3.79,1,2.79,0.61,1.25,0.15,1.64,2.11,1.12,0.67,-3,1.6
Dec-05,0.92,-1.53,1.22,2.84,0.68,1.42,0.54,1.35,2.49,1.38,1.26,-0.35,1.91
Jan-06,2.5,1.74,2.53,5.26,1.15,3.41,0.93,2.58,3.81,2.72,2.38,-2.88,2.86
Feb-06,1.16,-1.86,0.65,1.61,0.46,0.51,0.41,0.02,0.16,1.04,0.73,0.64,0.37
Mar-06,1.07,2.84,1.72,1.22,0.98,1.85,0.55,0.94,2.38,1.44,1.57,-1.39,1.64
Apr-06,0.64,3.87,1.93,3.65,1.02,1.64,1.21,2.38,1.72,1.19,1.26,-0.12,1.71
May-06,0.91,-1.46,0.86,-3.89,0.02,0.08,0.59,-1.55,-2.48,0.09,-0.25,2.46,-1.33
Jun-06,0.12,-1.42,-0.15,-0.97,0.63,0.12,0.36,-0.15,-0.62,0.87,0.21,1.18,-0.28
Jul-06,0.66,-2.16,0.09,0.67,0.51,-0.11,0.64,0.06,-0.31,0.58,0.17,1.73,-0.05
Aug-06,0.98,0.2,0.99,1.33,-0.09,1.12,0.37,-0.39,1.14,0.53,0.92,-1.56,0.66
Sep-06,0.93,-0.55,0.33,0.11,0.09,0.35,0.14,-0.67,0.05,0.41,0.4,-2.36,-0.03
Oct-06,0.54,1.02,1.94,2.57,0.65,2.06,0.67,0.97,1.94,1.32,1.32,-3.8,1.63
Nov-06,0.92,2.26,1.79,3.23,0.75,1.82,0.6,1.99,2,1.42,1.29,-2.68,1.85
Dec-06,1.27,1.46,1.65,2.91,1.07,1.68,0.72,1.16,1.53,1.33,1.28,0.39,1.75
Jan-07,1.3,1.13,1.5,0.79,0.83,2.01,0.69,0.61,1.21,1.91,1.35,-1.07,1.21
Feb-07,1.17,-1.44,1.45,1,0.51,2.07,1.06,0.18,0.82,2.55,1.14,0.28,0.96
Mar-07,0.6,-1.41,1.08,1.85,1.01,1.46,0.6,0.27,1.15,0.63,0.81,-0.51,0.96
Apr-07,0.26,2.41,1.64,2.55,0.89,1.97,0.71,1.52,1.98,1.6,1.34,-2.65,1.63
May-07,1.1,2.3,1.8,2.7,1.21,2.13,0.55,1.92,2.24,1.71,1.56,-1.99,2.04
Jun-07,0.11,2.29,0.27,2.36,0.77,-0.07,0.48,1.07,0.77,-0.53,1,2.36,0.82
Jul-07,-0.53,-1.22,-0.56,2.75,0.51,-0.32,0.07,1.16,0.09,-0.54,0.04,4.86,0.41
Aug-07,-1.45,-2.8,-1.18,-2.74,-0.94,-1.44,-0.48,-1.16,-1.6,0.01,-0.77,0.92,-2.22
Sep-07,1.61,4.69,0.95,4.28,1.23,1.34,1.64,3.3,2.56,1.31,1.53,-2.07,1.99
Oct-07,1.77,2.8,1.75,4.85,1.68,2.14,1.14,3.04,2.81,1.91,2,-0.26,3.03
Nov-07,-1.31,-0.16,-1.69,-2.37,-0.18,-2.02,-0.94,-0.63,-2.25,-1.49,-1.12,7.19,-1.48
Dec-07,-0.77,1.17,0.02,1.3,0.54,0.07,0.36,1.04,0.43,-0.25,0.22,0.56,0.4
Jan-08,-0.09,2.55,-2.33,-5.03,-1.12,-2.71,-0.12,-0.1,-4,-1.26,-1.18,5.56,-2.72
Feb-08,-0.83,6.2,0.14,2.8,1.2,0.84,-0.49,3.12,1.4,0.6,0.64,3,1.42
Mar-08,-3.17,-0.56,-1.26,-3.79,-0.49,-1.68,-3.06,-1.69,-2.36,-0.45,-1.62,1.92,-2.62
Apr-08,0.76,-0.78,0.88,1.9,0.59,1.18,1.87,0.78,2.23,1.49,1.3,-4.61,0.97
May-08,1.07,1.62,1.37,1.63,1.26,1.76,1.03,1.14,2.27,1.36,1.59,-1.42,1.72
Jun-08,-0.81,3.3,-0.31,-2.74,1.56,-1.13,-0.27,0.3,-1.64,-1.09,-0.84,7.51,-0.68
Jul-08,-1.88,-3.33,-1.82,-3.3,-1,-1.66,-0.23,-2.13,-2.61,0.11,-1.25,0.72,-2.64
Aug-08,-0.66,-1.14,-0.72,-3.36,-1.35,-0.25,-0.03,-1.33,-1.46,0.51,-0.23,-2.15,-1.56
Sep-08,-10.27,0.1,-5.18,-9.82,-2.85,-6.27,-5.06,-3.13,-6.75,-2.76,-5.38,3.78,-6.18
Oct-08,-12.37,3.45,-7.75,-13.31,-0.44,-6.25,-8.67,-1.57,-6.29,-2.45,-6.92,11.7,-6
Nov-08,-2.76,2.14,-4.35,-3.91,-5.87,-3.01,-3.08,0.33,-1.88,0.06,-2.09,4.28,-1.92
Dec-08,1.77,1.4,-1.97,-0.1,0.05,-0.71,-0.35,1.18,0.81,1.62,0.31,-1.46,-1.19
Jan-09,4.91,-0.16,0.82,-1.12,0.79,1.32,1.12,0.29,-0.17,0.56,1,2.82,0.6
Feb-09,1.64,-0.31,-1.22,-1.33,-0.46,-0.91,0.65,-0.55,-1.61,0.06,-0.16,3.28,-0.37
Mar-09,2.35,-1.8,0.22,3.5,0.21,1.17,0.57,0.48,1.88,1.25,1,-4.62,0.08
Apr-09,5,-1.4,3.87,6.63,-0.12,3.37,2.21,1.27,3.75,0.81,3.42,-8.2,0.92
May-09,5.78,2.13,5.04,8.84,1.46,4.42,3.65,3.48,5.16,1.07,3.92,0.08,3.12
Jun-09,2.41,-1.47,1.98,0.13,0.36,1.23,1.26,-0.76,0.09,1.04,1.01,-0.94,0.24
Jul-09,6.11,-0.12,3.11,4.51,0.42,2.91,3.22,1.66,2.77,0.68,2.6,-5.96,1.53
Aug-09,3.15,0.54,2.44,1.66,0.7,2.07,2.02,0.5,1.57,1.02,1.62,-1.65,1.13
Sep-09,3.68,1.51,4.1,5.36,0.85,3.36,3.25,2.31,2.85,1.1,2.2,-3.94,1.71
Oct-09,1.19,-1.47,1.39,1.08,-0.05,0.43,1.85,-0.04,-0.86,0.26,0.32,3.14,-0.21
Nov-09,0.8,3.32,2.02,1.51,0.09,1.52,0.96,1.65,1.3,0.68,0.89,-2.27,0.82
Dec-09,2.15,-2.53,3.24,2.29,0.72,2.35,1.41,-0.28,1.86,1.02,1.61,-3.73,0.66
Jan-10,0.53,-2.78,1.87,-0.78,0.28,0.77,1.72,-0.84,-0.95,0.48,0.6,1.83,-0.36
Feb-10,0.36,0.9,0.31,-0.19,0.5,0.76,0.23,0.47,0.84,0.57,0.57,-2.61,0.13
Mar-10,2.29,2.75,3.36,4.21,0.77,2.73,1.36,1.71,2.87,1.09,1.79,-4.96,1.71
Apr-10,1.99,1,2.51,1.33,0.18,1.64,1.13,0.76,1,0.38,1.22,-2.87,0.85
May-10,-2.44,-2.48,-2.5,-4.8,-0.5,-2.57,-1.02,-1.28,-3.71,-1.15,-1.86,4.45,-2.72
Jun-10,0.17,0.11,-1.05,-0.39,-0.45,-1.06,0.78,-0.23,-1.61,0.23,-0.34,4.19,-0.79
Jul-10,2.27,-0.8,1.43,2.96,0.9,1.7,1,0.33,1.91,1.27,1.74,-4.26,0.69
Aug-10,1.21,3.1,-0.49,0.28,-0.44,-0.32,0.88,1.08,-0.96,0.7,0.31,3.89,0.06
Sep-10,1.89,2.67,2.17,4.29,1.6,2.72,1.32,2.63,4.08,1.34,2.15,-8.26,2.19
Oct-10,2.14,3.11,2.06,2.32,1.05,1.87,1.07,1.59,2.08,0.47,1.49,-1.79,1.48
Nov-10,-0.12,-2.24,0.65,-0.49,0.44,0.28,0.56,-0.47,0.66,-0.25,0.37,-1.62,-0.09
Dec-10,1.45,4.36,3.11,2.26,0.94,2.6,0.55,2.5,3.42,1.16,1.57,-5.07,2.05
Jan-11,1.81,-0.63,1.73,-0.65,0.56,1.41,1.81,-0.55,0.52,0.93,0.97,-0.76,0.13
Feb-11,1.62,1.77,1.44,0.11,0.59,1.29,1.03,0.95,1.39,0.62,1.12,-3.14,0.83
Mar-11,0.38,-1.64,0.43,1.54,0.8,0.2,0.22,-0.28,0.21,0.31,0.34,-1.7,-0.18
Apr-11,0.2,3.67,1.29,1.4,1.05,1.14,0.97,2.11,1.39,0.89,0.72,-1.97,1.14
May-11,-0.17,-3.39,-0.14,-1.91,-0.37,-0.52,0.33,-1.5,-1.08,-0.11,-0.05,1.34,-1.16
Jun-11,-0.91,-2.39,-0.68,-1,-0.14,-1.38,-0.1,-1.3,-1.17,-0.14,-0.56,2.7,-1.38
Jul-11,-0.33,2.58,-0.15,0.77,-0.03,-0.3,0.18,1.29,-0.3,-0.49,-0.06,1.99,0.34
Aug-11,-1.95,0.07,-4.02,-3.9,-1.61,-4.01,-0.85,-0.63,-4.21,-1.19,-2,6.69,-2.52
Sep-11,-1.9,-0.57,-3.7,-6.95,-1.59,-3.41,-0.48,-1.42,-4.61,-1.02,-1.97,7.77,-2.62
Oct-11,1.29,-3.17,2.37,3.65,1.61,2.98,0.63,0.53,3.9,1.72,1.47,-7.21,0.94
Nov-11,-0.94,0.14,-1.08,-2.72,0.02,-0.58,-0.34,-0.66,-1.31,0.17,-0.24,1.31,-0.93
Dec-11,0.29,0.34,0.5,-1.81,0.06,-0.34,0.45,-0.22,-0.56,0.56,0.12,0.41,-0.54
Jan-12,2.36,0.46,3.24,3.95,0.95,2.88,1.16,1.9,3.27,0.95,2.02,-6.79,1.47
Feb-12,2.18,0.91,2.02,3.41,0.71,1.7,1.19,1.34,2.48,1.11,1.72,-5.22,1.4
Mar-12,0.65,-2.04,0.91,-1.33,0.23,0.58,0.61,-0.61,0.33,0.24,0.55,-1.23,0.01
Apr-12,-0.17,-0.03,-0.12,-0.27,-0.13,-0.18,0.34,-0.59,-0.68,-0.11,-0.2,0.57,-0.33
May-12,-0.77,2.59,-1.86,-5.31,-1.15,-1.91,-0.03,-0.67,-3.75,-0.48,-1,6.77,-1.4
Jun-12,0.72,-2.72,-0.09,0.26,0.06,0.07,0.46,-0.63,0.6,0.23,0.7,-2.58,-0.37
Jul-12,0.92,3.12,0.89,0.81,0.41,0.48,1.25,1.44,0.39,0.06,1.17,0.87,0.76
Aug-12,0.76,-0.82,1.61,0.75,0.49,1.29,0.82,0.37,1.08,0.44,0.95,-3.67,0.68
Sep-12,0.57,-1.04,1.69,2.73,0.43,1.2,0.76,0.51,1.57,0.06,1.02,-3.85,0.73
Oct-12,0.17,-3.1,1.18,0.28,0.28,0.48,0.58,-0.83,0.09,-0.79,0.3,0.05,-0.25
Nov-12,0.41,-0.04,0.82,1.31,0.37,0.8,0.54,0.27,0.52,1,0.56,-1.5,0.46
Dec-12,0.98,0.57,2.59,3.3,0.37,1.93,0.73,1.11,1.45,1.45,1.17,-3.87,1.08
Jan-13,1.58,1.86,2.19,3.03,1.35,2.14,1.16,1.65,3.08,-0.16,2.04,-4.52,2.06
Feb-13,0.09,-0.99,0.52,-0.12,0.33,0.41,0.56,-0.12,0.37,0.39,0.47,-0.35,0.32
Mar-13,0.77,0.89,1.49,0.68,0.35,1.43,1.13,0.64,1.44,0.69,1.3,-1.89,0.93
Apr-13,0.52,1.92,1.75,0.63,0.08,0.78,0.5,1.14,0.64,0.61,0.55,-2.86,0.76
May-13,1.34,-2.61,2.23,0.33,0.24,1.87,0.5,-0.23,1.35,0.59,1.01,-2.45,0.67
Jun-13,-0.81,-2.73,-1.05,-3.21,0.28,-1.13,-1.22,-1.76,-0.94,-0.22,-1.02,0.56,-1.33
Jul-13,0.6,-0.76,1.4,0.75,1,1.49,0.67,0.16,2.15,1.03,1.17,-3.69,0.91
Aug-13,0.46,-1.39,-0.34,-1.22,-0.59,-0.11,0.14,-0.91,-0.76,-0.01,-0.46,1.07,-0.68
Sep-13,0.43,-0.57,1.64,2.35,0.63,1.6,0.47,0.69,2.33,0.84,1.4,-4.52,1.27
Oct-13,0.95,1.45,1.61,2.38,1.42,1.45,0.85,0.94,2.04,0.45,1.45,-2.07,1.25
Nov-13,0.07,1.14,1.22,0.3,1.05,1.19,0.67,0.69,1.54,0.3,0.87,-1.65,1.09
Dec-13,0.48,0.52,1.2,1.01,0.76,1.22,0.4,0.65,1.57,0.61,1.02,-1.55,1.09
Jan-14,1.37,-1.75,0.47,-1.95,0.42,0.3,0.75,-0.88,-0.32,0.46,0.02,0.94,-0.33
Feb-14,0.62,1.37,2.43,1.9,0.66,2.23,0.99,0.9,2.53,1.1,1.49,-3.22,1.57
Mar-14,0.47,-1.19,0.63,0.08,-0.05,-0.14,0.36,-0.54,-0.56,-0.5,0.28,0,-0.7
Apr-14,0.29,0.5,0.25,0.04,-0.23,0.15,0.55,-0.23,-0.83,0.13,0.45,1.25,-0.71
May-14,0.45,1.5,0.91,2.15,0.2,0.87,0.59,0.72,1.05,0.62,1.03,-1.68,1.14
Jun-14,0.29,1.01,1.45,1.15,0.34,1.55,0.63,0.64,1.31,0.89,1.26,-2.64,0.91
Jul-14,-0.01,-0.54,-0.59,0.4,-0.05,-0.7,0.25,-0.27,-0.9,-0.53,0.04,0.61,-0.4
Aug-14,-0.03,2.83,-0.11,0.69,0.52,0.35,0.21,1.12,1.28,0.43,0.56,-1.7,0.8
Sep-14,-0.95,1.79,-1.99,-1.56,0.15,-1.65,0.22,0.6,-0.93,-0.75,-0.05,2.42,-0.12
Oct-14,-1.11,0.41,-1.68,-0.69,0.3,-1.52,-0.07,-0.41,-0.13,-1.36,-0.6,-2.36,-0.62
Nov-14,-0.09,4.19,-0.34,-0.14,0.59,0.7,0.14,1.77,1.16,0.8,0.61,-0.61,1.26
Dec-14,-0.66,0.88,-0.89,-2.2,0.13,-0.22,-0.35,-0.04,0.12,0.32,-0.16,0.33,0.21
Jan-15,0.13,3.99,-1.55,-0.34,0.48,-1.04,-0.04,2.29,-0.09,0.04,0.25,1.09,0.17
Feb-15,1.21,-0.29,1.85,1.62,0.2,2.7,0.86,0.7,2.52,1.39,1.5,-3.85,1.71
Mar-15,0.21,0.97,0.28,0.39,0.8,0.43,0.21,1.01,0.36,0.56,0.33,0.06,0.69
Apr-15,1.57,-2.32,0.71,3.78,-0.29,1.13,0.51,-0.91,0.55,0.66,0.69,-1.43,0.26
May-15,0.46,-0.53,0.25,0.21,0.56,0.83,0.26,0.63,1.42,1.09,0.5,-0.96,0.97
Jun-15,-0.86,-3.43,-1.59,-1.77,0.3,-1.24,-0.39,-1.76,-0.72,-0.5,-0.91,0.85,-1.08
Jul-15,-0.58,2.09,-0.45,-1.97,0.37,-0.74,-0.05,1.46,0.31,0.03,0.03,0.46,0.22
Aug-15,-0.45,-2.2,-2.27,-3.84,0.18,-2.49,-0.37,-1.31,-2.29,-0.56,-1.03,5.78,-2.02
Sep-15,-0.63,1.46,-1.36,-1.55,0.63,-2.76,-0.54,-0.52,-1.42,-0.97,-0.72,1.56,-1.76
Oct-15,1.23,-1.57,-0.1,3.13,0.57,1.45,-0.14,0.28,2.1,0.74,1.09,-5.19,0.83
Nov-15,-0.39,2.19,-1.01,-0.39,0,-0.69,0.02,1.35,0.23,-0.01,0,-1.44,0.25
Dec-15,-1.27,-1.84,-1.6,-0.62,0.29,-1.03,-0.28,-1.43,-0.49,1.24,-0.67,1.81,-0.59
Jan-16,-2.39,2.29,-2.34,-4.07,-0.34,-2.88,-0.88,-0.04,-3.24,0.29,-1.37,7.46,-2.66
Feb-16,-0.02,2.36,-1.29,-0.35,-0.86,-0.54,-0.62,0.2,-0.95,0.4,-0.38,1.4,-1.26
Mar-16,1.7,-2.01,1.9,4.28,0.95,2.43,1.08,-0.43,1.84,0.58,1.56,-6.05,0.71
Apr-16,1.4,-0.91,2.08,1.52,-0.6,1.61,1.33,0.2,0.34,-0.55,1.06,-2,0.53
May-16,0.75,-1.76,1.35,-0.12,0.58,1,0.4,-0.37,1.06,0.72,0.64,-1.93,0.59
Jun-16,0.16,3.52,0.82,1.49,-0.37,-0.12,-0.21,1.07,-0.93,-0.18,0.27,1.73,-0.74
Jul-16,1.54,0.67,1.92,2.33,0.8,1.86,1.14,0.64,2.03,0.7,1.25,-5.92,1.34
Aug-16,1.02,-2.25,2.09,1.69,-0.19,1.49,0.76,-0.61,0.62,0.82,0.64,-3.98,0.43
Sep-16,0.7,-0.66,0.97,0.97,0.4,0.39,0.62,-0.28,0.64,0.41,0.56,-1.48,0.4
Oct-16,0.27,-2.57,2.03,0.64,0.24,-0.15,0.63,0.14,-0.72,-0.62,0.52,2.11,-0.27
Nov-16,0.31,-0.5,1.15,-1.26,0.13,1.4,0.25,0.88,0.79,0.97,0.31,-3.01,0.22
Dec-16,0.9,0.58,1.84,0.35,0.33,1.53,0.85,1.21,0.87,0.88,0.94,-0.08,0.9
Jan-17,1.47,-1.02,1.91,2.46,0.58,1.63,1.16,-0.13,1.28,-0.2,1.11,-3.56,0.95
Feb-17,0.72,1.49,0.71,1.71,0.09,0.97,0.66,0.59,1,0.79,0.74,-6.72,0.8
Mar-17,-0.02,-1.37,-0.84,1.05,0.58,0.16,0.29,-0.12,0.78,0.22,0.27,-2.71,0.41
Apr-17,0.44,-0.17,0.51,1.09,0.32,0.98,0.3,-0.07,0.88,1.1,0.31,-1.65,0.57
May-17,0.22,0.11,-0.48,0.18,-0.71,0.53,0.43,0.1,0.65,0.67,0.37,-1.21,0.33
Jun-17,0.32,-2.22,0.28,0.61,0.22,0.17,0.28,-0.68,0.42,0.69,0.29,-3.02,-0.06
Jul-17,0.84,0.94,1.17,2.35,0.78,1,0.5,0.58,1.2,0.59,0.66,-2.32,0.97
Aug-17,-0.12,1.6,-0.04,1.48,0.58,-0.29,0.15,0.46,0.69,-0.04,0.26,-0.03,0.75
Sep-17,0.65,-1.94,0.58,0.91,0.45,1.08,-0.33,-0.11,1.1,0.39,0.41,-6.52,0.39
Oct-17,0.6,3.67,0,1.37,0.72,0.18,0.31,1.28,1.44,0.23,0.65,-9.9,1.13
Nov-17,0.02,0.04,0.09,0.8,0.23,0.1,0.05,-0.23,0.66,-0.77,0.06,-0.08,-0.07
Dec-17,0.25,1.15,1.66,1.62,0.52,1.5,0.09,0.55,0.91,0.78,0.55,0.43,0.64
Jan-18,0.84,3.57,1.77,3.56,1.06,1.43,0.72,2.64,2.42,0.77,0.84,11.22,2.09
Feb-18,-0.05,-5.68,-0.43,-1.51,-0.76,-0.95,0.46,-2.31,-1.55,-0.46,-0.4,-1.18,-1.27
Mar-18,-0.14,-0.29,-0.39,-1.09,0.22,-1.03,-0.01,-0.62,-0.48,-0.56,-0.21,0.56,-0.44
Apr-18,0.32,0.08,0.49,-0.61,0.03,0.46,0.53,0.26,0.49,-0.28,0.33,-0.22,0.22
May-18,-0.26,-0.74,0.82,-0.92,0.33,1.16,0.16,0.3,1.08,1.11,0.39,1.39,0.73
Jun-18,0.16,0.23,0.91,-3.08,-0.45,0.44,0.08,-0.17,-0.47,1.12,-0.29,-1.83,-0.37
Jul-18,0.21,-0.58,0.93,0.4,-0.1,0.55,0.22,-0.14,0.67,-0.21,0.45,-0.52,0.18
Aug-18,0.24,1.66,0.02,-2.77,0.04,0.11,0.17,-0.07,0.35,0.5,-0.02,-2.14,0.15
Sep-18,0.34,-0.54,0.5,-1.1,-0.16,0.32,0.36,0.06,-0.23,0.28,0.18,0.36,-0.22
Oct-18,-0.73,-3.14,-1.58,-3.15,-1.29,-2.57,-0.23,-0.96,-4.02,-0.8,-1.09,2.37,-2.69
Nov-18,-0.68,-0.53,-1.93,1.2,-2.11,-0.34,-0.67,-0.87,-0.44,1.19,-0.63,-0.21,-0.71
